Player,Pos,School,College,Ht,Wt,40yd,Vertical,Bench,Broad Jump,3Cone,Shuttle,Drafted (tm/rnd/yr),Player-additional,Drafted
BJ Adams,CB,Central Florida,College Stats,2-Jun,182,4.53,32.5,,117,,,,AdamBr00,0
Tommy Akingbesote,DT,Maryland,College Stats,4-Jun,306,5.09,28,,103,,,Dallas Cowboys / 7th / 247th pick / 2025,AkinTo00,1
Darius Alexander,DT,Toledo,College Stats,4-Jun,305,4.95,31.5,28,111,7.6,4.79,New York Giants / 3rd / 65th pick / 2025,AlexDa01,1
Zy Alexander,CB,LSU,College Stats,1-Jun,187,4.56,31.5,,116,,,,AlexZy00,0
LeQuint Allen,RB,Syracuse,College Stats,Jun-00,204,,35,,120,,,Jacksonville Jaguars / 7th / 236th pick / 2025,AlleLe01,1
Trey Amos,CB,Mississippi,College Stats,1-Jun,195,4.43,32.5,13,126,,,Washington Commanders / 2nd / 61st pick / 2025,AmosTr00,1
Andrew Armstrong,WR,Arkansas,College Stats,4-Jun,202,4.51,37.5,11,124,6.97,4.18,,-9999,0
Elijah Arroyo,TE,Miami,College Stats,5-Jun,250,,,22,,,,Seattle Seahawks / 2nd / 50th pick / 2025,ArroEl00,1
Eugene Asante,LB,Auburn,College Stats,1-Jun,223,4.48,,21,,,,,AsanEu01,0
Elic Ayomanor,WR,Stanford,College Stats,2-Jun,206,4.44,38.5,,127,,,Tennessee Titans / 4th / 136th pick / 2025,AyomEl00,1
Elijhah Badger,WR,Florida,College Stats,1-Jun,200,4.43,35.5,,,,,,BadgEl00,0
Tyler Baron,EDGE,Miami,College Stats,5-Jun,258,4.62,35.5,19,121,,,New York Jets / 5th / 176th pick / 2025,BaroTy00,1
Jahdae Barron,CB,Texas,College Stats,11-May,194,4.39,35,,123,,,Denver Broncos / 1st / 20th pick / 2025,BarrJa01,1
Gavin Bartholomew,TE,Pittsburgh,College Stats,5-Jun,246,4.7,,,,,,Minnesota Vikings / 6th / 202nd pick / 2025,BartGa00,1
Jeffrey Bassa,LB,Oregon,College Stats,1-Jun,232,4.63,38.5,21,118,7.34,,Kansas City Chiefs / 5th / 156th pick / 2025,BassJe00,1
Tyler Batty,EDGE,BYU,College Stats,6-Jun,271,4.78,34,27,120,7.21,4.54,,BattTy00,0
Jack Bech,WR,TCU,College Stats,1-Jun,214,,34.5,19,125,6.84,4.21,Las Vegas Raiders / 2nd / 58th pick / 2025,BechJa00,1
Anthony Belton,OT,North Carolina St.,College Stats,6-Jun,336,5.26,29.5,,107,7.77,,Green Bay Packers / 2nd / 54th pick / 2025,BeltAn00,1
Zeek Biggers,DT,Georgia Tech,College Stats,6-Jun,321,5.14,34.5,,111,,,,-9999,1
Yahya Black,DT,Iowa,College Stats,6-Jun,336,5.39,25.5,,101,7.63,4.72,Pittsburgh Steelers / 5th / 164th pick / 2025,BlacYa00,1
Jaydon Blue,RB,Texas,College Stats,9-May,196,4.38,,,,,,,-9999,1
Isaiah Bond,WR,Texas,College Stats,11-May,180,4.39,,,,,,,BondIs00,0
Tyler Booker,G,Alabama,College Stats,5-Jun,321,5.38,27,,94,7.96,4.84,Dallas Cowboys / 1st / 12th pick / 2025,BookTy00,1
Andres Borregales,K,Miami,College Stats,11-May,199,,,,,,,New England Patriots / 6th / 182nd pick / 2025,BorrAn00,1
Jake Briningstool,TE,Clemson,College Stats,6-Jun,241,4.75,31,,115,,,,BrinJa00,0
Warren Brinson,DT,Georgia,College Stats,5-Jun,315,5.09,31,,115,,,,-9999,1
Ja'Corey Brooks,WR,Louisville,College Stats,2-Jun,184,,,,,,,,BrooJa04,0
Tahj Brooks,RB,Texas Tech,College Stats,9-May,214,4.52,35,16,120,6.9,4.06,Cincinnati Bengals / 6th / 193rd pick / 2025,BrooTa00,1
Max Brosmer,QB,Minnesota,College Stats,2-Jun,217,,,,,,,,BrosMa00,0
Vernon Broughton,DT,Texas,College Stats,5-Jun,311,,,,,,,New Orleans Saints / 3rd / 71st pick / 2025,BrouVe00,1
Logan Brown,OT,Kansas,College Stats,6-Jun,311,5.18,32,,111,7.75,4.51,,BrowLo01,0
Carson Bruener,LB,Washington,College Stats,1-Jun,227,4.58,33.5,,119,,,,-9999,1
Jacobee Bryant,CB,Kansas,College Stats,Jun-00,180,4.53,,,,,,,BryaCo02,0
Pat Bryant,WR,Illinois,College Stats,2-Jun,204,4.61,37.5,,124,,,Denver Broncos / 3rd / 74th pick / 2025,BryaPa00,1
Teddye Buchanan,LB,California,College Stats,2-Jun,233,4.6,40,26,125,,,Baltimore Ravens / 4th / 129th pick / 2025,BuchTe00,1
Jordan Burch,EDGE,Oregon,College Stats,4-Jun,279,4.67,,,,,,Arizona Cardinals / 3rd / 78th pick / 2025,BurcJo00,1
Denzel Burke,CB,Ohio St.,College Stats,11-May,186,4.48,,,,,,Arizona Cardinals / 5th / 174th pick / 2025,BurkDe01,1
James Burnip,P,Alabama,College Stats,6-Jun,235,,,,,,,,BurnJa00,0
Jamaree Caldwell,DT,Oregon,College Stats,2-Jun,332,5.16,27,,,,,Los Angeles Chargers / 3rd / 86th pick / 2025,CaldJa00,1
Jihaad Campbell,LB,Alabama,College Stats,3-Jun,235,4.52,,,127,,,Philadelphia Eagles / 1st / 31st pick / 2025,CampJi00,1
Will Campbell,OT,LSU,College Stats,6-Jun,319,4.98,32,,113,,,New England Patriots / 1st / 4th pick / 2025,CampWi01,1
Abdul Carter,EDGE,Penn St.,College Stats,3-Jun,250,,,,,,,New York Giants / 1st / 3rd pick / 2025,CartAb00,1
Barrett Carter,LB,Clemson,College Stats,Jun-00,231,,34.5,,116,,4.41,Cincinnati Bengals / 4th / 119th pick / 2025,CartBa00,1
Sebastian Castro,SAF,Iowa,College Stats,11-May,203,4.59,30.5,,117,,4.34,,CastSe01,0
Alijah Clark,SAF,Syracuse,College Stats,1-Jun,188,4.5,33,,122,,,,ClarAl01,0
Connor Colby,G,Iowa,College Stats,6-Jun,309,5.11,28.5,,110,7.78,4.63,San Francisco 49ers / 7th / 249th pick / 2025,ColbCo00,1
Alfred Collins,DT,Texas,College Stats,6-Jun,332,,26,,96,,,San Francisco 49ers / 2nd / 43rd pick / 2025,CollAl01,1
Beaux Collins,WR,Notre Dame,College Stats,3-Jun,201,,,,,,,,CollBe00,0
Joshua Conerly,OT,Oregon,College Stats,5-Jun,311,5.05,34.5,,103,,,Washington Commanders / 1st / 29th pick / 2025,ConeJo00,1
Hayden Conner,G,Texas,College Stats,6-Jun,314,,,,,7.9,4.88,Arizona Cardinals / 6th / 211th pick / 2025,ConnHa00,1
Jalin Conyers,TE,Texas Tech,College Stats,4-Jun,260,4.74,35.5,,121,6.94,4.27,,ConyJa00,0
Brady Cook,QB,Missouri,College Stats,2-Jun,214,4.59,37,,128,7.01,4.17,,CookBr03,0
Ajani Cornelius,OT,Oregon,College Stats,5-Jun,310,,,,,,,Dallas Cowboys / 6th / 204th pick / 2025,CornAj00,1
Eli Cox,C,Kentucky,College Stats,4-Jun,306,5.02,32.5,,109,7.63,4.58,,CoxxEl00,0
Kitan Crawford,SAF,Nevada,College Stats,11-May,202,4.41,41.5,18,128,6.81,4.03,,-9999,1
Jeremy Crawshaw,P,Florida,College Stats,4-Jun,198,,,,,,,Denver Broncos / 6th / 216th pick / 2025,CrawJe00,1
Brandon Crenshaw-Dickson,OT,Florida,College Stats,7-Jun,316,5.33,24.5,,96,8.15,4.91,,CrenBr00,0
Jaxson Dart,QB,Mississippi,College Stats,2-Jun,223,,,,,,,New York Giants / 1st / 25th pick / 2025,DartJa00,1
Garrett Dellinger,G,LSU,College Stats,4-Jun,325,,,,,,,Baltimore Ravens / 7th / 243rd pick / 2025,DellGa00,1
Fadil Diggs,EDGE,Syracuse,College Stats,4-Jun,257,4.57,30.5,,121,,,New Orleans Saints / 7th / 254th pick / 2025,DiggFa00,1
Chimere Dike,WR,Florida,College Stats,1-Jun,196,4.34,38.5,,128,6.82,4.27,Tennessee Titans / 4th / 103rd pick / 2025,DikeCh00,1
CJ Dippre,TE,Alabama,College Stats,5-Jun,256,4.69,34.5,32,120,,,,DippCJ00,0
Ra'Mello Dotson,CB,Kansas,College Stats,1-Jun,192,4.59,34.5,,123,,,,DotsMe00,0
Ethan Downs,EDGE,Oklahoma,College Stats,4-Jun,269,4.69,34,32,119,7.58,4.59,,DownEt00,0
Jamon Dumas-Johnson,LB,Kentucky,College Stats,1-Jun,238,,,,,,,,DumaJa00,0
Power Echols,LB,North Carolina,College Stats,11-May,237,4.73,37,,115,7.6,4.56,,EchoPo00,0
Donovan Edwards,RB,Michigan,College Stats,11-May,205,4.44,38.5,23,,,,,EdwaDo01,0
Emeka Egbuka,WR,Ohio St.,College Stats,1-Jun,202,,,,,,,Tampa Bay Buccaneers / 1st / 19th pick / 2025,EgbuEm01,1
Nick Emmanwori,SAF,South Carolina,College Stats,3-Jun,220,4.38,43,20,138,,,Seattle Seahawks / 2nd / 35th pick / 2025,EmmaNi00,1
Aireontae Ersery,OT,Minnesota,College Stats,6-Jun,331,5.01,29.5,,111,7.81,4.82,Houston Texans / 2nd / 48th pick / 2025,ErseAi00,1
Trevor Etienne,RB,Georgia,College Stats,9-May,198,4.42,35,15,124,,,Carolina Panthers / 4th / 114th pick / 2025,EtieTr01,1
Mitchell Evans,TE,Notre Dame,College Stats,5-Jun,258,4.74,31,,115,7.25,4.4,Carolina Panthers / 5th / 163rd pick / 2025,EvanMi01,1
Quinn Ewers,QB,Texas,College Stats,2-Jun,214,,,,,,,Miami Dolphins / 7th / 231st pick / 2025,EwerQu00,1
Donovan Ezeiruaku,EDGE,Boston Col.,College Stats,3-Jun,248,,35.5,22,119,6.94,4.19,Dallas Cowboys / 2nd / 44th pick / 2025,EzeiDo00,1
Dylan Fairchild,G,Georgia,College Stats,5-Jun,318,,27.5,,111,,,Cincinnati Bengals / 3rd / 81st pick / 2025,FairDy00,1
Joshua Farmer,DT,Florida St.,College Stats,3-Jun,305,5.11,29,26,112,,,New England Patriots / 4th / 137th pick / 2025,FarmJo00,1
Da'Quan Felton,WR,Virginia Tech,College Stats,5-Jun,213,4.5,32.5,16,122,7.1,4.3,,FeltDa00,0
Tai Felton,WR,Maryland,College Stats,1-Jun,183,4.37,39.5,,130,,,Minnesota Vikings / 3rd / 102nd pick / 2025,FeltTa00,1
Terrance Ferguson,TE,Oregon,College Stats,5-Jun,247,4.63,39,,122,,,Los Angeles Rams / 2nd / 46th pick / 2025,FergTe00,1
Ryan Fitzgerald,K,Florida St.,College Stats,11-May,193,,,,,,,,FitzRy01,0
O'Donnell Fortune,CB,South Carolina,College Stats,1-Jun,185,,32.5,,117,,,,FortOD00,0
Zah Frazier,CB,Texas-San Antonio,College Stats,3-Jun,186,4.36,36.5,,126,7,4.26,,-9999,1
Miles Frazier,G,LSU,College Stats,6-Jun,317,5.24,31,,108,,,Detroit Lions / 5th / 171st pick / 2025,FrazMi00,1
Dillon Gabriel,QB,Oregon,College Stats,11-May,205,,,,,,,Cleveland Browns / 3rd / 94th pick / 2025,GabrDi00,1
Jacolby George,WR,Miami,College Stats,11-May,172,,32.5,,120,6.77,,,GeorJa00,0
DJ Giddens,RB,Kansas St.,College Stats,Jun-00,212,4.43,39.5,,130,,4.33,Indianapolis Colts / 5th / 151st pick / 2025,GiddDJ00,1
Ashton Gillotte,EDGE,Louisville,College Stats,3-Jun,264,,36.5,24,120,,,Kansas City Chiefs / 3rd / 66th pick / 2025,GillAs00,1
Matthew Golden,WR,Texas,College Stats,11-May,191,4.29,,,,,,Green Bay Packers / 1st / 23rd pick / 2025,GoldMa02,1
Mason Graham,DT,Michigan,College Stats,4-Jun,296,,,24,,,,Cleveland Browns / 1st / 5th pick / 2025,GrahMa00,1
Charles Grant,OT,William & Mary,,5-Jun,311,,,,,,,Las Vegas Raiders / 3rd / 99th pick / 2025,GranCh00,1
Kenneth Grant,DT,Michigan,College Stats,4-Jun,331,,,22,,,,Miami Dolphins / 1st / 13th pick / 2025,GranKe01,1
Joshua Gray,G,Oregon St.,College Stats,5-Jun,299,5.04,31,,104,,,,GrayJo01,0
Mike Green,EDGE,Marshall,College Stats,3-Jun,251,,,28,,,,Baltimore Ravens / 2nd / 59th pick / 2025,GreeMi02,1
Eric Gregory,DT,Arkansas,College Stats,3-Jun,319,5.14,27,28,108,7.68,4.97,,GregEr00,0
Maxwell Hairston,CB,Kentucky,College Stats,11-May,183,4.28,39.5,,129,,,Buffalo Bills / 1st / 30th pick / 2025,HairMa00,1
Ty Hamilton,DT,Ohio St.,College Stats,3-Jun,299,,,,,,,Los Angeles Rams / 5th / 148th pick / 2025,HamiTy00,1
Omarion Hampton,RB,North Carolina,College Stats,Jun-00,221,4.46,38,18,130,,4.4,Los Angeles Chargers / 1st / 22nd pick / 2025,HampOm00,1
Jordan Hancock,CB,Ohio St.,College Stats,Jun-00,195,,,,,,,Buffalo Bills / 5th / 170th pick / 2025,HancJo00,1
Derrick Harmon,DT,Oregon,College Stats,5-Jun,313,4.95,,,,,,Pittsburgh Steelers / 1st / 21st pick / 2025,HarmDe01,1
Marcus Harris,CB,California,College Stats,11-May,189,4.45,,,,,,,-9999,1
Jermari Harris,CB,Iowa,College Stats,1-Jun,191,,37,,120,,,,HarrJe03,0
Cleveland Harris,WR,Mississippi,College Stats,2-Jun,205,4.54,38.5,,125,,,Los Angeles Chargers / 2nd / 55th pick / 2025,HarrTr03,1
Jared Harrison-Hunte,DT,SMU,College Stats,3-Jun,290,4.86,32,,111,,,,HarrJa06,0
RJ Harvey,RB,Central Florida,College Stats,8-May,205,4.4,38,16,127,,4.34,Denver Broncos / 2nd / 60th pick / 2025,HarvRJ00,1
Ahmed Hassanein,EDGE,Boise St.,College Stats,2-Jun,267,4.77,32.5,27,113,,,Detroit Lions / 6th / 196th pick / 2025,HassAh00,1
Jackson Hawes,TE,Georgia Tech,College Stats,5-Jun,253,4.82,34.5,16,121,,4.4,Buffalo Bills / 5th / 173rd pick / 2025,HaweJa00,1
Gunnar Helm,TE,Texas,College Stats,5-Jun,241,4.84,30,,,7.15,4.4,Tennessee Titans / 4th / 120th pick / 2025,HelmGu00,1
Tonka Hemingway,DT,South Carolina,College Stats,3-Jun,284,,32,,112,7.36,4.48,Las Vegas Raiders / 4th / 135th pick / 2025,HemiTo00,1
TreVeyon Henderson,RB,Ohio St.,College Stats,10-May,202,4.43,38.5,,128,,,New England Patriots / 2nd / 38th pick / 2025,HendTr02,1
Seth Henigan,QB,Memphis,College Stats,3-Jun,215,4.76,31.5,,114,7.34,4.44,,HeniSe00,0
Jayden Higgins,WR,Iowa St.,College Stats,4-Jun,214,4.47,39,,128,,,Houston Texans / 2nd / 34th pick / 2025,HiggJa00,1
Jay Higgins,LB,Iowa,College Stats,Jun-00,224,4.82,33,,110,7.01,4.35,,HiggJa01,0
Tommi Hill,CB,Nebraska,College Stats,1-Jun,213,,,,,,,,HillTo02,0
Myles Hinton,OT,Michigan,College Stats,7-Jun,323,,31.5,,,,4.96,Philadelphia Eagles / 6th / 191st pick / 2025,HintMy00,1
Traeshon Holden,WR,Oregon,College Stats,2-Jun,205,4.57,32,,123,,,,HoldTr00,0
Maxen Hook,SAF,Toledo,College Stats,1-Jun,202,4.55,34.5,,124,,,,HookMa01,0
Cam Horsley,DT,Boston Col.,College Stats,3-Jun,312,,31.5,,108,,,,HorsCa00,0
Tory Horton,WR,Colorado St.,College Stats,3-Jun,196,4.41,37.5,,,,,Seattle Seahawks / 5th / 166th pick / 2025,HortTo00,1
Will Howard,QB,Ohio St.,College Stats,4-Jun,236,,31.5,,112,7.13,4.33,Pittsburgh Steelers / 6th / 185th pick / 2025,HowaWi01,1
Joe Huber,G,Wisconsin,College Stats,5-Jun,310,5.2,28,,106,7.69,4.78,,HubeJo00,0
Kobe Hudson,WR,Central Florida,College Stats,1-Jun,193,4.57,35,,122,,,,HudsKo00,0
Jarquez Hunter,RB,Auburn,College Stats,9-May,204,4.44,33.5,21,120,,,Los Angeles Rams / 4th / 117th pick / 2025,HuntJa03,1
Travis Hunter,CB/WR,Colorado,College Stats,Jun-00,188,,,,,,,Jacksonville Jaguars / 1st / 2nd pick / 2025,HuntTr00,1
Alijah Huzzie,CB,North Carolina,College Stats,10-May,193,,,,,,,,-9999,0
Thomas Fidone II,TE,Nebraska,College Stats,5-Jun,243,4.7,35.5,,126,7.01,4.29,,-9999,1
Oronde Gadsden II,TE,Syracuse,College Stats,5-Jun,243,,34,,114,,,Los Angeles Chargers / 5th / 165th pick / 2025,GadsOr01,1
Ollie Gordon II,RB,Oklahoma St.,College Stats,1-Jun,226,4.61,34.5,,120,,,Miami Dolphins / 6th / 179th pick / 2025,GordOl00,1
Torricelli Simpkins III,C,South Carolina,College Stats,5-Jun,312,5.45,29,,110,,,,-9999,0
Luther Burden III,WR,Missouri,College Stats,Jun-00,206,4.41,,,,,,Chicago Bears / 2nd / 39th pick / 2025,BurdLu00,1
Howard Cross III,DT,Notre Dame,College Stats,1-Jun,285,,29,,104,,,,CrosHo01,0
Rayuan Lane III,SAF,Navy,College Stats,11-May,200,4.57,37,,128,7.1,4.28,Jacksonville Jaguars / 6th / 200th pick / 2025,LaneRa00,1
Ricky White III,WR,UNLV,College Stats,1-Jun,184,4.61,36,,123,,,Seattle Seahawks / 7th / 238th pick / 2025,WhitRi01,1
Tyrion Ingram-Dawkins,DT,Georgia,College Stats,5-Jun,276,4.86,36,,124,7.28,4.34,Minnesota Vikings / 5th / 139th pick / 2025,IngrTy00,1
Ulysses Bentley IV,RB,Mississippi,College Stats,10-May,201,4.62,32.5,,117,,,,BentUl00,0
Jared Ivey,EDGE,Mississippi,College Stats,6-Jun,274,,,,,,,,IveyJa00,0
Cam Jackson,DT,Florida,College Stats,6-Jun,328,5.17,24.5,,93,,,Carolina Panthers / 5th / 140th pick / 2025,JackCa01,1
Daniel Jackson,WR,Minnesota,College Stats,11-May,193,,,,,6.78,4.07,,JackDa03,0
Donovan Jackson,G,Ohio St.,College Stats,4-Jun,315,,,,,,,Minnesota Vikings / 1st / 24th pick / 2025,JackDo03,1
Ja'Quinden Jackson,RB,Arkansas,College Stats,2-Jun,229,,32,,119,7.19,4.36,,JackJa05,0
Landon Jackson,EDGE,Arkansas,College Stats,6-Jun,264,4.68,40.5,,129,,,Buffalo Bills / 3rd / 72nd pick / 2025,JackLa03,1
Jordan James,RB,Oregon,College Stats,10-May,205,4.55,,,117,,,San Francisco 49ers / 5th / 147th pick / 2025,JameJo01,1
Shemar James,LB,Florida,College Stats,1-Jun,222,4.69,32,,117,7.09,4.27,Dallas Cowboys / 5th / 152nd pick / 2025,JameSh00,1
Ashton Jeanty,RB,Boise St.,College Stats,9-May,211,,,,,,,Las Vegas Raiders / 1st / 6th pick / 2025,JeanAs00,1
Kaleb Johnson,RB,Iowa,College Stats,1-Jun,224,4.57,,,,,,Pittsburgh Steelers / 3rd / 83rd pick / 2025,JohnKa03,1
Tez Johnson,WR,Oregon,College Stats,10-May,154,4.51,37,,131,6.65,4.15,Tampa Bay Buccaneers / 7th / 235th pick / 2025,JohnTe03,1
Will Johnson,CB,Michigan,College Stats,2-Jun,194,,,,,,,Arizona Cardinals / 2nd / 47th pick / 2025,JohnWi02,1
Emery Jones Jr.,OT,LSU,College Stats,5-Jun,315,,,,,,,Baltimore Ravens / 3rd / 91st pick / 2025,JoneEm02,1
Sai'vion Jones,EDGE,LSU,College Stats,5-Jun,280,,33,19,119,,,Denver Broncos / 3rd / 101st pick / 2025,JoneSa01,1
Jah Joyner,EDGE,Minnesota,College Stats,4-Jun,262,4.6,30,,,7.33,4.68,,JoynJa00,0
Kelvin Banks Jr.,OT,Texas,College Stats,5-Jun,315,5.16,32,,104,7.81,4.66,New Orleans Saints / 1st / 9th pick / 2025,BankKe01,1
Billy Bowman Jr.,SAF,Oklahoma,College Stats,10-May,192,4.42,35.5,17,123,,,Atlanta Falcons / 4th / 118th pick / 2025,BowmBi01,1
Sam Brown Jr.,WR,Miami,College Stats,2-Jun,200,4.44,41.5,,,,,,BrowSa01,0
Harold Fannin Jr.,TE,Bowling Green,College Stats,3-Jun,241,4.71,34,22,118,6.97,4.39,Cleveland Browns / 3rd / 67th pick / 2025,FannHa00,1
Jimmy Horn Jr.,WR,Colorado,College Stats,8-May,174,4.46,38,,128,,4.41,Carolina Panthers / 6th / 208th pick / 2025,HornJi00,1
Montrell Johnson Jr.,RB,Florida,College Stats,11-May,212,4.41,35.5,,123,,4.29,,JohnMo00,0
Demetrius Knight Jr.,LB,South Carolina,College Stats,2-Jun,235,4.58,31.5,22,118,7.12,4.25,Cincinnati Bengals / 2nd / 49th pick / 2025,KnigDe00,1
Jason Marshall Jr.,CB,Florida,College Stats,Jun-00,194,4.49,37.5,,125,,,Miami Dolphins / 5th / 150th pick / 2025,MarsJa00,1
Chris Paul Jr.,LB,Mississippi,College Stats,1-Jun,222,4.63,36,,117,,,Los Angeles Rams / 5th / 172nd pick / 2025,PaulCh01,1
James Pearce Jr.,EDGE,Tennessee,College Stats,5-Jun,245,4.47,31,,123,,,Atlanta Falcons / 1st / 26th pick / 2025,PearJa00,1
Shavon Revel Jr.,CB,East Carolina,College Stats,2-Jun,194,,,,,,,Dallas Cowboys / 3rd / 76th pick / 2025,ReveSh00,1
Dont'e Thornton Jr.,WR,Tennessee,College Stats,5-Jun,205,4.3,33,,126,,,Las Vegas Raiders / 4th / 108th pick / 2025,ThorDo00,1
Dante Trader Jr.,SAF,Maryland,College Stats,11-May,196,,31,12,117,7.09,4.32,Miami Dolphins / 5th / 155th pick / 2025,TradDa00,1
Antwane Wells Jr.,WR,Mississippi,College Stats,1-Jun,201,4.58,34,,124,,,,WellAn00,0
Kevin Winston Jr.,SAF,Penn St.,College Stats,2-Jun,215,,,,,,,Tennessee Titans / 3rd / 82nd pick / 2025,WinsKe02,1
Quinshon Judkins,RB,Ohio St.,College Stats,Jun-00,221,4.48,38.5,,132,,,Cleveland Browns / 2nd / 36th pick / 2025,JudkQu00,1
DeAndre Jules,DT,South Carolina,College Stats,4-Jun,316,,,,,,,,-9999,0
Luke Kandra,G,Cincinnati,College Stats,5-Jun,319,,,,,,,,KandLu00,0
Josh Kelly,WR,Texas Tech,College Stats,1-Jun,186,4.7,33,,121,7.02,,,-9999,0
Drew Kendall,C,Boston Col.,College Stats,4-Jun,308,5.05,,,,7.56,4.51,Philadelphia Eagles / 5th / 168th pick / 2025,KendDr00,1
Kyle Kennard,EDGE,South Carolina,College Stats,4-Jun,254,4.73,,23,,,,Los Angeles Chargers / 4th / 125th pick / 2025,KennKy00,1
Corey Kiner,RB,Cincinnati,College Stats,9-May,209,4.57,,19,,,,,KineCo00,0
Kobe King,LB,Penn St.,College Stats,1-Jun,236,,,,,,,Minnesota Vikings / 6th / 201st pick / 2025,KingKo00,1
Jack Kiser,LB,Notre Dame,College Stats,2-Jun,231,,,,,,,Jacksonville Jaguars / 4th / 107th pick / 2025,KiseJa00,1
Bilhal Kone,CB,Western Michigan,College Stats,1-Jun,190,4.43,31.5,,124,,,Baltimore Ravens / 6th / 178th pick / 2025,KoneBi00,1
Brant Kuithe,TE,Utah,College Stats,2-Jun,236,,,,,,,,KuitBr00,0
Luke Lachey,TE,Iowa,College Stats,6-Jun,251,,35,,120,7.18,4.47,Houston Texans / 7th / 255th pick / 2025,LachLu00,1
KeAndre Lambert-Smith,WR,Auburn,College Stats,1-Jun,190,4.37,34.5,,124,,,Los Angeles Chargers / 5th / 158th pick / 2025,LambKe01,1
Jaylin Lane,WR,Virginia Tech,College Stats,10-May,191,4.34,40,14,132,6.75,4.12,Washington Commanders / 4th / 128th pick / 2025,LaneJa00,1
Riley Leonard,QB,Notre Dame,College Stats,4-Jun,216,,,,,,,Indianapolis Colts / 6th / 189th pick / 2025,LeonRi02,1
Cody Lindenberg,LB,Minnesota,College Stats,2-Jun,236,,,,,,,Las Vegas Raiders / 7th / 222nd pick / 2025,LindCo00,1
Steve Linton,EDGE,Baylor,College Stats,4-Jun,242,,32.5,21,124,7.25,,,LintSt00,0
Robert Longerbeam,CB,Rutgers,College Stats,11-May,175,4.39,36.5,,134,,,,-9999,1
Tyler Loop,K,Arizona,College Stats,11-May,191,,,,,,,,-9999,1
Colston Loveland,TE,Michigan,College Stats,6-Jun,248,,,,,,,Chicago Bears / 1st / 10th pick / 2025,LoveCo00,1
Dominic Lovett,WR,Georgia,College Stats,10-May,185,4.4,33.5,,120,,4.27,Detroit Lions / 7th / 244th pick / 2025,LoveDo00,1
Chase Lundt,OT,Connecticut,College Stats,8-Jun,304,,,,,,,Buffalo Bills / 6th / 206th pick / 2025,LundCh00,1
Phil Mafah,RB,Clemson,College Stats,1-Jun,234,,,,,,,Dallas Cowboys / 7th / 239th pick / 2025,MafaPh00,1
Jake Majors,C,Texas,College Stats,3-Jun,306,,,,,,,,MajoJa00,0
Woody Marks,RB,USC,College Stats,10-May,207,4.54,35,18,119,,4.24,,-9999,1
Nickolas Martin,LB,Oklahoma St.,College Stats,Jun-00,221,4.53,38,26,123,,,San Francisco 49ers / 3rd / 75th pick / 2025,MartNi01,1
Sean Martin,EDGE,West Virginia,College Stats,6-Jun,293,4.88,28.5,28,112,7.38,,,MartSe00,0
Bam Martin-Scott,LB,South Carolina,College Stats,2-Jun,231,4.63,33.5,,122,7.26,4.53,,-9999,0
Damien Martinez,RB,Miami,College Stats,Jun-00,217,4.51,35,,124,,,Seattle Seahawks / 7th / 223rd pick / 2025,MartDa02,1
Moliki Matavao,TE,UCLA,College Stats,6-Jun,260,4.81,32.5,,114,,,New Orleans Saints / 7th / 248th pick / 2025,MataMo00,1
Francisco Mauigoa,LB,Miami,College Stats,2-Jun,233,4.6,35,,121,7.15,4.24,New York Jets / 5th / 162nd pick / 2025,MauiFr00,1
Marcus Mbow,G,Purdue,College Stats,4-Jun,303,,,,,,4.67,New York Giants / 5th / 154th pick / 2025,MbowMa00,1
Kyle McCord,QB,Syracuse,College Stats,3-Jun,218,,,,,,,Philadelphia Eagles / 6th / 181st pick / 2025,McCoKy00,1
Bru McCoy,WR,Tennessee,College Stats,3-Jun,209,,,,,,,,McCoBr00,0
Seth McLaughlin,C,Ohio St.,College Stats,4-Jun,304,,,,,,,,McLaSe00,0
Jalen McLeod,LB,Auburn,College Stats,2-Jun,241,,,,,,,,-9999,1
Tetairoa McMillan,WR,Arizona,College Stats,4-Jun,219,,,,,,,Carolina Panthers / 1st / 8th pick / 2025,McMiTe00,1
Decarrion McWilliams,CB,Central Florida,College Stats,10-May,191,4.41,34,,,,,Philadelphia Eagles / 5th / 145th pick / 2025,McWiMa01,1
Kain Medrano,LB,UCLA,College Stats,3-Jun,222,4.46,38,,125,,,,-9999,1
Armand Membou,OT,Missouri,College Stats,4-Jun,332,4.91,34,,115,,,New York Jets / 1st / 7th pick / 2025,MembAr00,1
Graham Mertz,QB,Florida,College Stats,3-Jun,212,,,,,,,Houston Texans / 6th / 197th pick / 2025,MertGr00,1
R.J. Mickens,SAF,Clemson,College Stats,Jun-00,199,4.49,41.5,,121,,,Los Angeles Chargers / 6th / 214th pick / 2025,MickRJ00,1
Rylie Mills,DT,Notre Dame,College Stats,5-Jun,291,,,,,,,,-9999,1
Jalen Milroe,QB,Alabama,College Stats,2-Jun,217,,,,,,,Seattle Seahawks / 3rd / 92nd pick / 2025,MilrJa00,1
Wyatt Milum,OT,West Virginia,College Stats,7-Jun,313,5.27,30,,108,,4.69,Jacksonville Jaguars / 3rd / 89th pick / 2025,MiluWy00,1
Kyle Monangai,RB,Rutgers,College Stats,8-May,211,4.6,34.5,,117,,,Chicago Bears / 7th / 233rd pick / 2025,MonaKy00,1
Smael Mondon Jr.,LB,Georgia,College Stats,2-Jun,224,4.58,,,130,,,Philadelphia Eagles / 5th / 161st pick / 2025,MondSm01,1
Jonah Monheim,C,USC,College Stats,4-Jun,302,,,,,,,Jacksonville Jaguars / 7th / 221st pick / 2025,MonhJo00,1
Malachi Moore,SAF,Alabama,College Stats,11-May,196,,,,,,,New York Jets / 4th / 130th pick / 2025,MoorMa04,1
Benjamin Morrison,CB,Notre Dame,College Stats,Jun-00,193,,,,,,,Tampa Bay Buccaneers / 2nd / 53rd pick / 2025,MorrBe00,1
Jabbar Muhammad,CB,Oregon,College Stats,9-May,182,,29.5,13,,7.01,4.19,,MuhaJa00,0
Andrew Mukuba,SAF,Texas,College Stats,11-May,186,4.45,,,,,,Philadelphia Eagles / 2nd / 64th pick / 2025,MukuAn00,1
Kalel Mullings,RB,Michigan,College Stats,2-Jun,226,,,,,,,Tennessee Titans / 6th / 188th pick / 2025,MullKa00,1
Konata Mumpfield,WR,Pittsburgh,College Stats,11-May,186,4.59,36,,124,,,Los Angeles Rams / 7th / 242nd pick / 2025,MumpKo00,1
Nick Nash,WR,San Jose St.,College Stats,3-Jun,203,4.57,34,,123,,,,NashNi00,0
Devin Neal,RB,Kansas,College Stats,11-May,213,4.58,37.5,,124,,,New Orleans Saints / 6th / 184th pick / 2025,NealDe00,1
Jack Nelson,OT,Wisconsin,College Stats,7-Jun,314,,,,,,,Atlanta Falcons / 7th / 218th pick / 2025,NelsJa01,1
Bryson Nesbit,TE,North Carolina,College Stats,5-Jun,238,4.88,32.5,,112,,,,NesbBr00,0
Isaiah Neyor,WR,Nebraska,College Stats,4-Jun,218,4.4,38,,133,,,,-9999,0
Jaylin Noel,WR,Iowa St.,College Stats,10-May,194,4.39,41.5,23,134,6.82,4.17,Houston Texans / 3rd / 79th pick / 2025,NoelJa00,1
Walter Nolen,DT,Mississippi,College Stats,4-Jun,296,,,,,,,Arizona Cardinals / 1st / 16th pick / 2025,NoleWa00,1
Omarr Norman-Lott,DT,Tennessee,College Stats,2-Jun,291,,31.5,,113,,,Kansas City Chiefs / 2nd / 63rd pick / 2025,NormOm00,1
Oluwafemi Oladejo,EDGE,UCLA,College Stats,3-Jun,259,,36.5,20,120,,,Tennessee Titans / 2nd / 52nd pick / 2025,OladOl00,1
Collin Oliver,EDGE,Oklahoma St.,College Stats,2-Jun,240,4.56,39,,126,,,Green Bay Packers / 5th / 159th pick / 2025,OlivCo00,1
Robbie Ouzts,TE,Alabama,College Stats,3-Jun,274,4.91,34,26,119,7.34,4.45,Seattle Seahawks / 5th / 175th pick / 2025,OuztRo00,1
Payton Page,DT,Clemson,College Stats,3-Jun,290,,33,,116,,,,-9999,0
Jacob Parrish,CB,Kansas St.,College Stats,10-May,191,4.35,37.5,12,129,,,Tampa Bay Buccaneers / 3rd / 84th pick / 2025,ParrJa01,1
Aeneas Peebles,DT,Virginia Tech,College Stats,1-Jun,282,4.94,32.5,,109,,4.7,Baltimore Ravens / 6th / 210th pick / 2025,PeebAe00,1
JJ Pegues,DT,Mississippi,College Stats,3-Jun,309,5.15,27.5,,,,,Las Vegas Raiders / 6th / 180th pick / 2025,PeguJJ00,1
Jordan Phillips,DT,Maryland,College Stats,2-Jun,312,,31,29,108,8.19,4.65,,-9999,1
Hollin Pierce,OT,Rutgers,College Stats,8-Jun,341,,,,,,,,PierHo00,0
Darien Porter,CB,Iowa St.,College Stats,3-Jun,195,4.3,36.5,,131,6.71,4.04,Las Vegas Raiders / 3rd / 68th pick / 2025,PortDa00,1
Tyreem Powell,LB,Rutgers,College Stats,5-Jun,239,,,,,,,,PoweTy02,0
Antwaun Powell-Ryland,EDGE,Virginia Tech,College Stats,3-Jun,258,4.69,36.5,,124,,,Philadelphia Eagles / 6th / 209th pick / 2025,PoweAn00,1
Kaden Prather,WR,Maryland,College Stats,4-Jun,204,4.46,30,,114,,,Buffalo Bills / 7th / 240th pick / 2025,PratKa00,1
Caleb Ransaw,CB,Tulane,College Stats,11-May,197,4.33,40,16,129,,,Jacksonville Jaguars / 3rd / 88th pick / 2025,RansCa00,1
Lathan Ransom,SAF,Ohio St.,College Stats,Jun-00,206,,,,,,,Carolina Panthers / 4th / 122nd pick / 2025,RansLa00,1
Tate Ratledge,G,Georgia,College Stats,7-Jun,308,4.97,32,,113,7.38,,Detroit Lions / 2nd / 57th pick / 2025,RatlTa00,1
Jaylen Reed,SAF,Penn St.,College Stats,Jun-00,211,4.49,33.5,19,,,,Houston Texans / 6th / 187th pick / 2025,ReedJa04,1
Karene Reid,LB,Utah,College Stats,Jun-00,231,,,,,,,,ReidKa00,0
Xavier Restrepo,WR,Miami,College Stats,10-May,209,,,17,,,,,RestXa00,0
Quincy Riley,CB,Louisville,College Stats,11-May,194,4.48,,,,,,New Orleans Saints / 4th / 131st pick / 2025,RileQu00,1
Jahvaree Ritzie,DT,North Carolina,College Stats,4-Jun,294,,35.5,26,114,,,,RitzJa00,0
Jalen Rivers,OT,Miami,College Stats,6-Jun,319,5.29,,,108,,,Cincinnati Bengals / 5th / 153rd pick / 2025,RiveJa00,1
Elijah Roberts,EDGE,SMU,College Stats,4-Jun,285,4.78,31.5,,116,,,Tampa Bay Buccaneers / 5th / 157th pick / 2025,RobeEl01,1
Que Robinson,EDGE,Alabama,College Stats,4-Jun,243,,,,,,,Denver Broncos / 4th / 134th pick / 2025,RobiQu00,1
Ty Robinson,DT,Nebraska,College Stats,5-Jun,288,4.83,33.5,28,119,7.58,4.5,Philadelphia Eagles / 4th / 111th pick / 2025,RobiTy02,1
Caleb Rogers,G,Texas Tech,College Stats,5-Jun,312,5.1,34,,111,7.43,4.49,,-9999,1
Kurtis Rourke,QB,Indiana,College Stats,4-Jun,220,,,,,,,San Francisco 49ers / 7th / 227th pick / 2025,RourKu01,1
Jalen Royals,WR,Utah St.,College Stats,Jun-00,205,4.42,,13,,,,Kansas City Chiefs / 4th / 133rd pick / 2025,RoyaJa00,1
Kaimon Rucker,EDGE,North Carolina,College Stats,1-Jun,254,,,27,,,,,RuckKa00,0
Dylan Sampson,RB,Tennessee,College Stats,8-May,200,,35,13,124,,,Cleveland Browns / 4th / 126th pick / 2025,SampDy00,1
Raheim Sanders,RB,South Carolina,College Stats,Jun-00,217,4.46,36.5,,,,,,SandRa00,0
Shedeur Sanders,QB,Colorado,College Stats,2-Jun,212,,,,,,,Cleveland Browns / 5th / 144th pick / 2025,SandSh00,1
T.J. Sanders,DT,South Carolina,College Stats,4-Jun,297,,31.5,,112,7.7,4.67,Buffalo Bills / 2nd / 41st pick / 2025,SandTJ00,1
Jonas Sanker,SAF,Virginia,College Stats,Jun-00,206,4.48,36.5,12,128,,,New Orleans Saints / 3rd / 93rd pick / 2025,SankJo00,1
Ben Sauls,K,Pittsburgh,College Stats,10-May,182,,,,,,,,SaulBe00,0
Jonah Savaiinaea,OT,Arizona,College Stats,4-Jun,324,4.95,29,,106,,4.66,Miami Dolphins / 2nd / 37th pick / 2025,SavaJo00,1
Jack Sawyer,EDGE,Ohio St.,College Stats,4-Jun,260,,,,,,,Pittsburgh Steelers / 4th / 123rd pick / 2025,SawyJa00,1
Carson Schwesinger,LB,UCLA,College Stats,3-Jun,242,,39.5,20,,,,Cleveland Browns / 2nd / 33rd pick / 2025,SchwCa00,1
Nic Scourton,EDGE,Texas A&M,College Stats,3-Jun,257,,,,,,,Carolina Panthers / 2nd / 51st pick / 2025,ScouNi00,1
Tyler Shough,QB,Louisville,College Stats,5-Jun,219,4.63,32,,117,,,New Orleans Saints / 2nd / 40th pick / 2025,ShouTy00,1
Marques Sigle,SAF,Kansas St.,College Stats,11-May,199,4.37,38,,130,,,,-9999,1
Elijah Simmons,DT,Tennessee,College Stats,1-Jun,334,5.37,32,,106,,,,-9999,0
Josh Simmons,OT,Ohio St.,College Stats,5-Jun,317,,,,,,,Kansas City Chiefs / 1st / 32nd pick / 2025,SimmJo01,1
Joshua Simon,TE,South Carolina,College Stats,4-Jun,239,4.65,38,,124,7.22,4.4,,-9999,0
Cody Simon,LB,Ohio St.,College Stats,2-Jun,229,,,,,,,Arizona Cardinals / 4th / 115th pick / 2025,SimoCo01,1
Cam Skattebo,RB,Arizona St.,College Stats,10-May,219,,39.5,,123,,,New York Giants / 4th / 105th pick / 2025,SkatCa00,1
Jackson Slater,G,Sacramento St.,,3-Jun,311,5.01,28.5,,108,,,Tennessee Titans / 5th / 167th pick / 2025,SlatJa01,1
Tim Smith,DT,Alabama,College Stats,4-Jun,302,,,,,,,,-9999,1
Arian Smith,WR,Georgia,College Stats,Jun-00,179,4.36,38,,127,6.82,4.19,New York Jets / 4th / 110th pick / 2025,SmitAr01,1
Brashard Smith,RB,SMU,College Stats,10-May,194,4.39,32.5,,117,,,Kansas City Chiefs / 7th / 228th pick / 2025,SmitBr09,1
Jaylin Smith,CB,USC,College Stats,11-May,187,4.45,32.5,,122,,,Houston Texans / 3rd / 97th pick / 2025,SmitJa11,1
Barryn Sorrell,EDGE,Texas,College Stats,3-Jun,256,4.68,34,28,121,7.06,4.36,Green Bay Packers / 4th / 124th pick / 2025,SorrBa00,1
Nazir Stackhouse,DT,Georgia,College Stats,4-Jun,327,5.15,27.5,,105,,,,StacNa00,0
Malaki Starks,SAF,Georgia,College Stats,1-Jun,197,4.5,33,,,7.26,4.45,Baltimore Ravens / 1st / 27th pick / 2025,StarMa00,1
Josaiah Stewart,EDGE,Michigan,College Stats,1-Jun,249,,,,,,,Los Angeles Rams / 3rd / 90th pick / 2025,StewJo03,1
Shemar Stewart,EDGE,Texas A&M,College Stats,5-Jun,267,4.59,40,,131,,,Cincinnati Bengals / 1st / 17th pick / 2025,StewSh00,1
Upton Stout,CB,Western Kentucky,College Stats,9-May,181,4.44,37.5,21,128,,4.29,San Francisco 49ers / 3rd / 100th pick / 2025,StouUp00,1
Dorian Strong,CB,Virginia Tech,College Stats,1-Jun,185,4.5,36,15,116,,,Buffalo Bills / 6th / 177th pick / 2025,StroDo01,1
Danny Stutsman,LB,Oklahoma,College Stats,3-Jun,233,4.52,34,,,,,New Orleans Saints / 4th / 112th pick / 2025,StutDa00,1
Bradyn Swinson,EDGE,LSU,College Stats,4-Jun,255,,,,,7.13,4.33,New England Patriots / 5th / 146th pick / 2025,SwinBr01,1
Junior Tafuna,DT,Utah,College Stats,4-Jun,308,5.03,28.5,24,,,,,-9999,0
Marcus Tate,G,Clemson,College Stats,5-Jun,321,,,,,,,,TateMa00,0
Branson Taylor,OT,Pittsburgh,College Stats,6-Jun,321,,,,,,,,-9999,1
Mason Taylor,TE,LSU,College Stats,5-Jun,251,,,,,,,New York Jets / 2nd / 42nd pick / 2025,TaylMa02,1
Roc Taylor,WR,Memphis,College Stats,2-Jun,213,4.49,30.5,,122,,,,TaylRo02,0
Isaac TeSlaa,WR,Arkansas,College Stats,4-Jun,214,4.43,39.5,17,129,6.85,4.05,Detroit Lions / 3rd / 70th pick / 2025,TeSlIs00,1
Azareye'h Thomas,CB,Florida St.,College Stats,2-Jun,197,,,,122,,,New York Jets / 3rd / 73rd pick / 2025,ThomAz00,1
Jay Toia,DT,UCLA,College Stats,2-Jun,342,,,,,,,Dallas Cowboys / 7th / 217th pick / 2025,ToiaJa00,1
Ozzy Trapilo,OT,Boston Col.,College Stats,8-Jun,316,5.21,,,106,7.71,4.7,Chicago Bears / 2nd / 56th pick / 2025,TrapOz00,1
Jalen Travis,OT,Iowa St.,College Stats,8-Jun,339,5.14,35,,112,,,Indianapolis Colts / 4th / 127th pick / 2025,TravJa00,1
Xavier Truss,G,Georgia,College Stats,7-Jun,309,5.24,26,,103,,,,TrusXa00,0
JT Tuimoloau,EDGE,Ohio St.,College Stats,4-Jun,265,,,,,,,Indianapolis Colts / 2nd / 45th pick / 2025,TuimJT00,1
Shemar Turner,DT,Texas A&M,College Stats,3-Jun,290,,,,,,,Chicago Bears / 2nd / 62nd pick / 2025,TurnSh00,1
Bhayshul Tuten,RB,Virginia Tech,College Stats,9-May,206,4.32,40.5,,130,,4.41,Jacksonville Jaguars / 4th / 104th pick / 2025,TuteBh00,1
Princely Umanmielen,EDGE,Mississippi,College Stats,4-Jun,244,4.72,38,,126,7.33,4.46,Carolina Panthers / 3rd / 77th pick / 2025,UmanPr00,1
Malik Verdon,SAF,Iowa St.,College Stats,4-Jun,218,,,,,7.06,4.34,,VerdMa00,0
Carson Vinson,OT,Alabama A&M,,7-Jun,314,5.12,28.5,,111,7.51,,,-9999,1
David Walker,EDGE,Central Arkansas,,1-Jun,263,4.69,35,26,118,7.15,4.39,,-9999,1
Deone Walker,DT,Kentucky,College Stats,7-Jun,331,,25,,104,,,Buffalo Bills / 4th / 109th pick / 2025,WalkDe04,1
Jalon Walker,LB,Georgia,College Stats,1-Jun,243,,,,,,,Atlanta Falcons / 1st / 15th pick / 2025,WalkJa02,1
Justin Walley,CB,Minnesota,College Stats,10-May,190,4.4,,,,,,Indianapolis Colts / 3rd / 80th pick / 2025,WallJu00,1
Cam Ward,QB,Miami,College Stats,2-Jun,219,,,,,,,Tennessee Titans / 1st / 1st pick / 2025,WardCa00,1
Tyler Warren,TE,Penn St.,College Stats,6-Jun,256,,,,,,,Indianapolis Colts / 1st / 14th pick / 2025,WarrTy00,1
Jordan Watkins,WR,Mississippi,College Stats,11-May,196,4.37,36.5,,119,,,,-9999,1
Xavier Watts,SAF,Notre Dame,College Stats,Jun-00,204,,,,,,,Atlanta Falcons / 3rd / 96th pick / 2025,WattXa00,1
Isas Waxter,CB,Villanova,,1-Jun,209,4.56,35,,124,,,,-9999,0
Theo Wease,WR,Missouri,College Stats,3-Jun,200,4.56,31,,117,,,,WeasTh00,0
Robert Webb,C,Jacksonville St.,College Stats,3-Jun,312,5.11,31,,107,,4.9,,WebbCl00,0
CJ West,DT,Indiana,College Stats,1-Jun,316,4.95,33,,,,,San Francisco 49ers / 4th / 113th pick / 2025,WestCJ00,1
LaJohntay Wester,WR,Colorado,College Stats,10-May,163,4.46,32,,121,,,Baltimore Ravens / 6th / 203rd pick / 2025,WestLa01,1
John Williams,G,Cincinnati,College Stats,4-Jun,322,5.17,,,,7.93,4.72,,-9999,1
Cameron Williams,OT,Texas,College Stats,6-Jun,317,,,,,,,Philadelphia Eagles / 6th / 207th pick / 2025,WillCa04,1
Kyle Williams,WR,Washington St.,College Stats,11-May,190,4.4,36.5,,119,,,New England Patriots / 3rd / 69th pick / 2025,WillKy03,1
Mykel Williams,EDGE,Georgia,College Stats,5-Jun,260,,,,,,,San Francisco 49ers / 1st / 11th pick / 2025,WillMy00,1
Nohl Williams,CB,California,College Stats,Jun-00,199,4.5,33.5,19,120,,,Kansas City Chiefs / 3rd / 85th pick / 2025,WillNo01,1
Savion Williams,WR,TCU,College Stats,4-Jun,222,4.48,,,,,,Green Bay Packers / 3rd / 87th pick / 2025,WillSa01,1
Tyleik Williams,DT,Ohio St.,College Stats,3-Jun,334,,,,,,,Detroit Lions / 1st / 28th pick / 2025,WillTy02,1
Jared Wilson,C,Georgia,College Stats,3-Jun,310,4.84,32,,112,,4.56,New England Patriots / 3rd / 95th pick / 2025,WilsJa02,1
Hunter Wohler,SAF,Wisconsin,College Stats,2-Jun,213,4.57,37,,120,6.72,4.25,Indianapolis Colts / 7th / 232nd pick / 2025,WohlHu00,1
Ernest Woodard,LB,UNLV,College Stats,2-Jun,234,,,21,,,,,-9999,0
Craig Woodson,SAF,California,College Stats,Jun-00,200,4.45,36,13,127,,,New England Patriots / 4th / 106th pick / 2025,WoodCr00,1
Marcus Yarns,RB,Delaware,,11-May,193,4.45,37.5,,122,,,,-9999,0
Grey Zabel,OT,North Dakota St.,,6-Jun,312,,36.5,,111,,,,-9999,1
